{
    "4294713000": {
        "key": 4294713000,
        "sn": 1,
        "modle": "Chuansongmen_2",
        "scene": 20000,
        "posX": 52.83,
        "posY": -0.45,
        "posZ": 29.35,
       "toscene": 20100,
        "toX": -12.2,
        "toY": 1.78608,
        "toZ": -4.34
        
    },
    "4294713001": {
        "key": 4294713001,
        "sn": 2,
        "modle": "Chuansongmen_2",
        "scene": 20100,
        "posX": -9.53,
        "posY": 1.78608,
        "posZ": -0.88,
       "toscene": 20000,
        "toX": 51.89,
        "toY": -0.45,
        "toZ": 29.65
    }
}